image_id,image_url
1,http://example.com/images/product1.jpg
2,http://example.com/images/product2.jpg
3,http://example.com/images/product3.jpg
4,http://example.com/images/product4.jpg
5,http://example.com/images/product5.jpg
6,http://example.com/images/product6.jpg
7,http://example.com/images/product7.jpg
8,http://example.com/images/product8.jpg
9,http://example.com/images/product9.jpg
10,http://example.com/images/product10.jpg
11,http://example.com/images/product11.jpg
12,http://example.com/images/product12.jpg
13,http://example.com/images/product13.jpg
14,http://example.com/images/product14.jpg
15,http://example.com/images/product15.jpg
16,http://example.com/images/product16.jpg
17,http://example.com/images/product17.jpg
18,http://example.com/images/product18.jpg
19,http://example.com/images/product19.jpg
20,http://example.com/images/product20.jpg
21,http://example.com/images/product21.jpg
22,http://example.com/images/product22.jpg
23,http://example.com/images/product23.jpg
24,http://example.com/images/product24.jpg
25,http://example.com/images/product25.jpg
26,http://example.com/images/product26.jpg
27,http://example.com/images/product27.jpg
28,http://example.com/images/product28.jpg
29,http://example.com/images/product29.jpg
30,http://example.com/images/product30.jpg
31,http://example.com/images/product31.jpg
32,http://example.com/images/product32.jpg
33,http://example.com/images/product33.jpg
34,http://example.com/images/product34.jpg
35,http://example.com/images/product35.jpg
36,http://example.com/images/product36.jpg
37,http://example.com/images/product37.jpg
38,http://example.com/images/product38.jpg
39,http://example.com/images/product39.jpg
40,http://example.com/images/product40.jpg
41,http://example.com/images/product41.jpg
42,http://example.com/images/product42.jpg
43,http://example.com/images/product43.jpg
44,http://example.com/images/product44.jpg
45,http://example.com/images/product45.jpg
46,http://example.com/images/product46.jpg
47,http://example.com/images/product47.jpg
48,http://example.com/images/product48.jpg
49,http://example.com/images/product49.jpg
50,http://example.com/images/product50.jpg
51,http://example.com/images/product51.jpg
52,http://example.com/images/product52.jpg
